{"cameraMode":{"drawMode":0,"name":"Shaded","section":"Shading Mode"},"sceneLighting":false,"audioPlay":false,"sceneViewState":{"showFog":true,"showMaterialUpdate":false,"showSkybox":true,"showFlares":true,"showImageEffects":true,"showParticleSystems":true},"in2DMode":false,"pivot":{"x":-0.07036563754081726,"y":7.3712921142578129,"z":-0.30755773186683657},"rotation":{"x":-0.08687397092580795,"y":-0.8254762887954712,"z":0.13236680626869203,"w":-0.5417757034301758},"size":15.919879913330079,"orthographic":false}