{"cameraMode":{"drawMode":0,"name":"Shaded","section":"Shading Mode"},"sceneLighting":true,"audioPlay":false,"sceneViewState":{"showFog":true,"showMaterialUpdate":false,"showSkybox":true,"showFlares":true,"showImageEffects":true,"showParticleSystems":true},"in2DMode":false,"pivot":{"x":379.3963317871094,"y":92.3421859741211,"z":120.6900634765625},"rotation":{"x":-0.1073904037475586,"y":0.010682526044547558,"z":-0.0011507993331179023,"w":-0.994158923625946},"size":692.6812133789063,"orthographic":false}